product_name,price
BIG WINGS Shock Proof Case Compatible For Polycarbonate Apple iPhone 14 ( Pack of 1 ),Rs.  204
ANDVYA Shock Proof Case Compatible For Silicon IPHONE 14 ( Pack of 1 ),Rs.  238
ANDVYA Plain Cases Compatible For Silicon IPHONE 14 ( Pack of 1 ),Rs.  178
Scalebee Silicon Soft cases Compatible For Silicon IPHONE 14 ( ),Rs.  190
ANDVYA Shock Proof Case Compatible For Silicon IPHONE 14 ( Pack of 1 ),Rs.  238
ANDVYA Shock Proof Case Compatible For Silicon IPHONE 14 ( Pack of 1 ),Rs.  238
Scalebee Silicon Soft cases Compatible For Silicon IPHONE 14 ( ),Rs.  190
RMVRINDA Cases with Stands Compatible For Rubber IPHONE 14 ( ),Rs.  236
Scalebee Silicon Soft cases Compatible For Silicon IPHONE 14 ( ),Rs.  190
ANDVYA Shock Proof Case Compatible For Silicon IPHONE 14 ( Pack of 1 ),Rs.  238
Scalebee Silicon Soft cases Compatible For Silicon IPHONE 14 ( ),Rs.  190
Scalebee Silicon Soft cases Compatible For Silicon IPHONE 14 ( ),Rs.  190
Scalebee Silicon Soft cases Compatible For Silicon IPHONE 14 ( ),Rs.  190
BIG WINGS Shock Proof Case Compatible For Polycarbonate Apple iPhone 14 Pro ( Pack of 1 ),Rs.  196
Scalebee Silicon Soft cases Compatible For Silicon Apple iPhone 14 Plus ( ),Rs.  190
BIG WINGS Shock Proof Case Compatible For Polycarbonate Apple iPhone 14 Pro ( Pack of 1 ),Rs.  196
BIG WINGS Shock Proof Case Compatible For Polycarbonate Apple iPhone 14 Pro Max ( Pack of 1 ),Rs.  276
Scalebee Silicon Soft cases Compatible For Silicon Apple iPhone 14 Plus ( ),Rs.  190
BIG WINGS Shock Proof Case Compatible For Polycarbonate Apple iPhone 14 Pro ( Pack of 1 ),Rs.  196
BIG WINGS Shock Proof Case Compatible For Polycarbonate Apple iPhone 14 Pro ( Pack of 1 ),Rs.  276
